,user,text,favorite_count,created_at
0,data2bots,@TheOyinbooke Very good advice,1,2023-06-08 08:06:21+00:00
1,data2bots,@likedbyJ A meme that could describe your experience https://t.co/yU0SiSapnN,0,2023-06-07 09:40:32+00:00
2,data2bots,5. Tell us other things you‚Äôd like to see from us in the comments. üëá,1,2023-06-06 07:55:10+00:00
3,data2bots,4. Do you follow us on any other social platforms?,1,2023-06-06 07:55:09+00:00
4,data2bots,What type of content would you like to see more?,1,2023-06-06 07:55:08+00:00
5,data2bots,2. What type of content do you prefer the most?,1,2023-06-06 07:55:06+00:00
6,data2bots,"In our bid to serve you better as our audience, kindly give us your feedback on our content so far.

1. Rate our content 1-10 based on relevance to you",1,2023-06-06 07:55:05+00:00
7,data2bots,@DavidAbu_ The power of Data,0,2023-06-06 07:45:54+00:00
8,data2bots,"If you're an absolute newbie, then the beginner's module is your best choice. 
If you already have enough experience working with SQL and Python, then the Intermediate module will be a great fit for you.

Register for your preferred module via https://t.co/9vfZeaHjqn 

#data2bots https://t.co/9E00Siszfp",0,2023-06-05 09:24:47+00:00
9,data2bots,"You can now begin your data career journey by signing up for the module that suits you best in the Data2Bots Academy.

If you're an absolute newbie, then the beginner's module is your best choice. https://t.co/kxCkDSBoHN",3,2023-06-05 08:00:02+00:00
10,data2bots,"Are you an enthusiast in the world of data? 

Join us on our Data2Bots Academy 
Community! We share ideas and opinions in the data space.

Join with this link: https://t.co/DQkW99J2fp

#data2botscommunity #whatsapp #techcommunnity #dataprofessionals #data2botsacademy https://t.co/CkaN3LRDHo",1,2023-06-02 07:57:58+00:00
11,data2bots,@malcom_okonkwo You are doing well,0,2023-06-01 08:18:27+00:00
12,data2bots,"Welcome to June. It's the 6th Month of the year already! 

Here's to making more impact in the professional spheres of your lives. 

It's never too late to start your data engineering career. Visit https://t.co/Jem1LBI7SN and register today, before the launch of the next cohort. https://t.co/seoWtiQOm5",1,2023-06-01 08:00:00+00:00
13,data2bots,"Visit https://t.co/9vfZeaHjqn to enroll today. Limited seats available.

#dataengineer #data2botsacademy #dataengineering #engineeringschool #learnpython #sqldatabase #bigdata #datascience",0,2023-05-31 08:06:49+00:00
14,data2bots,"Data is growing even bigger as the years go by, and more companies are beginning to understand the value of being data driven, regardless of their size.

At the Data2Bots Academy, we lead you by the hand on how to effectively provide data solutions for clients all over the world. https://t.co/GpxP2EaFS0",2,2023-05-31 08:01:00+00:00
15,data2bots,"Reach out to our consultants at Data2Bots to help your business 10x their productivity. Visit https://t.co/WqvA6gFcrf to book a consultation today!

#datasolutions #DataDriven #data2botssolutions #itconsultants #datacommunity #DataOrganization #organizationhacks https://t.co/4rCYY4f6oH",1,2023-05-30 07:59:49+00:00
16,data2bots,https://t.co/yellfEX3F0,1,2023-05-30 07:59:48+00:00
17,data2bots,"Companies that make the best use of their data have better chances of becoming successful in today's fast-paced world.

How does your company use their data?

üßµ https://t.co/xGWRlcWK3A",2,2023-05-30 07:55:00+00:00
18,data2bots,@DavidAbu_ Let‚Äôs see how this plays out,0,2023-05-30 07:49:13+00:00
19,data2bots,@_peroo_ @TheOyinbooke Congratulations,0,2023-05-29 08:16:37+00:00
20,data2bots,"Today is a great day to connect with your inner child and rediscover the beauty of life.

Happy Childrens Day! ü•≥

#ChildrensDay #ChildrensDay2023 #Data2Bots #celebratingcreativity #powerofimagination https://t.co/VHMVb1Ngfu",0,2023-05-27 08:00:00+00:00
21,data2bots,"@malcom_okonkwo Take it always one block at a time, that's how huge structures are erected.",0,2023-05-25 08:07:05+00:00
22,data2bots,@ndekekwe True,0,2023-05-24 08:26:26+00:00
23,data2bots,@elonmusk That's why we must make every moment count,0,2023-05-23 13:13:10+00:00
24,data2bots,"Seats are filling up fast at the Data2Bots Academy!
Have you enrolled yet?
Visit https://t.co/9vfZeaHjqn to get started

#dataengineer #data2botsacademy #dataengineering #engineeringschool #learnpython #sqldatabase #bigdata #datascience https://t.co/uEJJXE5KY6",2,2023-05-23 08:00:02+00:00
25,data2bots,@mb_awak These are what differentiates a Senior from a Junior,1,2023-05-22 20:28:04+00:00
26,data2bots,"Happy New Week! üòáüòá

Python is one of the tools that Data Engineers use on a daily basis, and these are just five of the reasons why the programming language is quite popular in the data space. https://t.co/yHg19lYJ1f",2,2023-05-22 08:00:02+00:00
27,data2bots,"Life of a data engineerüòÇüòÇ.

One of the many tasks of a data engineer is to clean and structure the data to improve it's worth to everyone who needs it.

Interested in becoming a Data Engineer? Join Data2Bots Academy via https://t.co/9vfZeaHjqn

#dataengineer #data2botsacademy https://t.co/TNRctdyOh7",1,2023-05-19 09:43:57+00:00
28,data2bots,@EcZachly Well well,0,2023-05-18 09:27:26+00:00
29,data2bots,Visit https://t.co/orQsF9bkAc to get started. https://t.co/HEpQx0ggaL,1,2023-05-18 09:26:51+00:00
30,data2bots,"Become a Data Engineer in 9 months by enrolling into the Data2Bots Academy.

#dataengineer #data2botsacademy #dataengineering #engineeringschool #learnpython #sqldatabase #bigdata #datascience https://t.co/7EZ8PGjuT1",2,2023-05-18 09:26:47+00:00
31,data2bots,@JROdeyemi @SamuelOtigba Good luck,0,2023-05-17 16:15:26+00:00
32,data2bots,"@JROdeyemi @SamuelOtigba Hello Josh,
Would you like to join our Talent pipeline program that offers upskilling, job placement and relocation if you are approved? If yes, visit https://t.co/qfndqrpwHi to register",1,2023-05-16 07:54:46+00:00
33,data2bots,"We are still accepting students into the beginners and intermediate modules of the Data2Bots Academy Engineering course.

Enrol via https://t.co/9vfZeaHjqn

#dataengineer #data2botsacademy #dataengineering #engineeringschool #learnpython #sqldatabase #bigdata #datascience https://t.co/RPABRjHurD",3,2023-05-16 07:52:56+00:00
34,data2bots,@Opiano_1 @malcom_okonkwo This is a good answer,0,2023-05-15 07:46:09+00:00
35,data2bots,"This program is open for data engineers who have 3 years of experience and want to accelerate their growth.

Click the link below to get started
 https://t.co/lyyo5yDtP8

#data2botstalentpipeline #datatalent #mentorshipprogram #dataengineer #dataengineering  #data2bots https://t.co/VByUA3oCx2",1,2023-05-15 07:40:15+00:00
36,data2bots,"Mentors help you avoid unnecessary mistakes, and give you speed in your career journey.

You'll get to enjoy this mentorship when you join the Data2Bots Talent Pipeline Program. https://t.co/MVnXYvYOvi",2,2023-05-15 07:40:10+00:00
37,data2bots,"We're currently looking for experts to join our company. 

Interested? Visit https://t.co/6ybFO0ndDN to apply.

Don't forget to share this opportunity with your community. Someone on your timeline might need this!

#jobopenings #techjobs #dataengineers #data2bots #techroles https://t.co/cBIfNFNZpQ",3,2023-05-12 08:38:01+00:00
38,data2bots,@asemota ‚ÄúTech isn‚Äôt a silver bullet‚Äù üìå,0,2023-05-12 08:36:36+00:00
39,data2bots,@EcZachly It must have felt good,0,2023-05-11 09:13:53+00:00
40,data2bots,"Visit https://t.co/9vfZeaHjqn to enrol for the Data Engineering course.

#dataengineer #data2botsacademy #dataengineering #engineeringschool #learnpython #sqldatabase https://t.co/eQbvwarXHp",1,2023-05-11 07:30:35+00:00
41,data2bots,"Wondering if the Data2Bots Academy is right for you? ü§î 

Here we've answered a few of the questions we've been receiving about the Academy. https://t.co/L9EMaK1vQl",5,2023-05-11 07:30:28+00:00
42,data2bots,@EcZachly üìå,0,2023-05-10 08:05:32+00:00
43,data2bots,"@TheOyinbooke Dear Data ninja, Don't try it.",0,2023-05-09 07:45:20+00:00
44,data2bots,"Enrol today and begin your journey as a Data Engineer!

#data2bots #dataengineering #studenttestimonials #data2botsacademy #dataengineer #testimonials https://t.co/EF3mAakcu7",1,2023-05-09 07:40:02+00:00
45,data2bots,"Our students in the first cohort of the Data2Bots Academy are currently in their second month of training. 
Here's what they have to say about the Academy. 

You can join the Data2Bots Academy beginners and intermediate stages by enrolling via https://t.co/9vfZeaHjqn https://t.co/4SKbQka1rB",3,2023-05-09 07:39:59+00:00
46,data2bots,"Happy new week! 

This new week is a great time to harness the power of data for your business. 

Simply visit https://t.co/7NgrRQFCYB and have our experts transform your business data.

#cloudmigration #cloudservices #data2botssolutions #data2bots #cloud #cloudcomputing #aws https://t.co/A3zWQLAK9c",3,2023-05-08 07:34:12+00:00
47,data2bots,@TheOyinbooke üòÖ,0,2023-05-08 07:33:45+00:00
48,data2bots,@ADutchEngineer Nothing beats a strong foundation,0,2023-05-05 08:02:35+00:00
49,data2bots,"Here's how Joshua became a data engineer with Data2Bots. 

You can become one too through the Data2Bots Academy.

Visit https://t.co/5wjgfDlCvg to get started.

#dataengineer #data2botsacademy #dataengineering #engineeringschool #learnpython #sqldatabase https://t.co/cADE3mDAhv",4,2023-05-05 07:59:51+00:00
50,data2bots,"Data2Bots Academy is currently accepting enrolments into the beginner and intermediate modules of Data Engineering career path. 

Interested? 

Visit https://t.co/5wjgfDlCvg to get started.

#dataengineer #data2botsacademy #dataengineering #engineeringschool #learnpython #sql https://t.co/1VyzDjLOd9",3,2023-05-04 08:25:59+00:00
51,data2bots,@ndekekwe The shift has begun.,0,2023-05-04 08:24:55+00:00
52,data2bots,@mb_awak Great points.,0,2023-05-03 09:03:58+00:00
53,data2bots,"Do you want to bypass unnecessary information and speed up your learning process? 

Then enrol in the Data2Bots Academy and enjoy 100% focused learning! 

Visit https://t.co/9vfZeaHjqn to start.

#dataengineer #data2botsacademy #dataengineering #engineeringschool #learnpython https://t.co/uQv4VTNVOZ",2,2023-05-02 08:42:04+00:00
54,data2bots,@malcom_okonkwo Keep going Malcolm,0,2023-05-02 08:27:11+00:00
55,data2bots,@PidginAnalyst Congratulations.,1,2023-05-01 08:28:02+00:00
56,data2bots,"Wishing a very Happy Labour Day to every worker. 

Don't forget to take a break and take time to relax and unwind. üòä

#Happyworkersday #happylabourday #newmonthpost #workersday2023 #happynewmonth #data2bots https://t.co/obuenScg5p",4,2023-05-01 08:22:30+00:00
57,data2bots,"We are excited to introduce the Data Engineering Intermediate module. 

If you are past the beginner's stage, then this module is perfect for you. 

This is your chance to receive value and work on your skills as a data engineer. Sign up below
https://t.co/G2TuWn1s1I https://t.co/xoa9O0Efxb",3,2023-04-28 12:22:35+00:00
58,data2bots,"You can also register for the second cohort of the beginners module and start your data engineering journey today. 

Hurry now using the link below, limited seats are available.
https://t.co/7RybziUFkv

#dataengineering #learndataengineering  #data2botsacademy #dataengineer",2,2023-04-27 10:26:15+00:00
59,data2bots,"Every Data Engineer's best friends. 

The Data Engineering career path is full of different educational value available to all our students. 

What's your favorite combo? Let us know in the comment section below. https://t.co/l2KNh4rdNJ",4,2023-04-27 10:26:12+00:00
60,data2bots,"Absolutely! 

We can help you with our cloud services immediately! Visit https://t.co/7NgrRQFCYB to get started.

#cloudmigration #cloudservices #data2botssolutions #data2bots #cloudcomputing #cloudsecurity https://t.co/d6KSXqyxAW",2,2023-04-25 13:05:28+00:00
61,data2bots,Did you know that migrating to the cloud helps businesses keep multiple versions of their stored files and makes it easier to recover in cases of any disaster? https://t.co/0QVSwZ3IKK,5,2023-04-25 13:05:23+00:00
62,data2bots,#cloudmigration #cloudservices #data2botssolutions,1,2023-04-24 08:56:19+00:00
63,data2bots,"Analyze your business data today with our data analytics services. 

Contact us to take your business correctly! 

You can also protect and recover your files in cases of any disaster with our cloud services! Let us help! 

Visit https://t.co/7NgrRQFCYB and book a session! https://t.co/ve8M52EMFp",5,2023-04-24 08:56:18+00:00
64,data2bots,"Wishing a joyous Eid Mubarak to all our friends and family! 

Celebrate the spirit of the holiday with us, come together to share stories, laughter and create the most memorable moments that bring us closer. 

#EidMubarak #Data2Bots https://t.co/OfFZDKqAXx",2,2023-04-21 09:13:17+00:00
65,data2bots,"You too can become a data professional when you enrol into the Data2Bots Academy. 

Sign up with this link https://t.co/7RybziUFkv

#aws #awscertified #dataengineering
#datatraininginlagos #schoolofdata #data2botsacademy #datatraining",1,2023-04-19 11:21:06+00:00
66,data2bots,"It's raining congratulations!!

Join us to congratulate Paul on bagging yet another certification in @awscloud Data Analytics Specialty.

We @data2bots are super proud of you, Paul. Cheers to higher heights ü•Ç https://t.co/KbMF8dKnhn",1,2023-04-19 11:21:02+00:00
67,data2bots,"In need of our services? Send us a message today and book a call.

#cloudmigration #cloudservices #data2botssolutions #data2bots #cloud #cloudcomputing #aws #devops #cloudsecurity #datacenter",0,2023-04-18 14:21:01+00:00
68,data2bots,"Data2Bots is an IT consulting firm that helps businesses and provide them with the best data, cloud and digital solutions. 

We are passionate about creating products and solutions that provide useful insights from every data. https://t.co/HgWo0iQV3u",3,2023-04-18 14:20:59+00:00
69,data2bots,#data2botsacademy #learndataengineering #dataengineeringacademy #data2bots,0,2023-04-17 14:47:48+00:00
70,data2bots,"Discover more about the cores of data engineering and how to become a data engineer with the Data2Bots Academy.

Sign up today and register for the second cohort of the Data Engineering beginner module by visiting https://t.co/7RybziUFkv 

Hurry now, only 25 slots left!! https://t.co/8nCAtYeYtY",2,2023-04-17 14:47:46+00:00
71,data2bots,"To join the Data2Bots Talent Pipeline, you should have at least three years of experience as a data engineer, and actively seek to upskill your expertise. If this is you, click here to get started. https://t.co/lyyo5yDtP8",1,2023-04-13 16:05:24+00:00
72,data2bots,"In Data2Bots Academy, we take pride in raising our students and providing them with an environment that pushes them to succeed.

Join our second cohort today and get started on your journey of becoming a data professional by visiting https://t.co/BdcGKZLecf",1,2023-04-13 16:05:19+00:00
73,data2bots,"Stella joined us at Data2Bots in December 2022. Within five months, she was able to bag her @AWS Certified Developer - Associate certification from AWS.  

This could be you, but you haven't enrolled into the Data2Bots Academy or applied for the Data2Bots Talent Pipeline.",1,2023-04-13 16:05:17+00:00
74,data2bots,"We're thrilled to announce that Stella, one of our talented team members, has just passed her AWS Developer Associate exam!  

Join us in congratulating her on this
impressive accomplishment. https://t.co/0z5cRQKO3S",7,2023-04-13 16:05:16+00:00
75,data2bots,"Join the next cohort for the Data2Bots Academy and become a data engineer in 9 months. Hurry now! Seats are limited.

Click on the link below to enrol today
https://t.co/7RybziUFkv

#data2botsacademy #learndataengineering #dataengineeringacademy #data2bots #python #SQL https://t.co/5lRKDJyyow",4,2023-04-12 13:16:28+00:00
76,data2bots,"If you have experience in the data space of three years or more, join the Data2Bots Talent Pipeline.

Now is the time to work smart, not just hard. Click here to apply:
https://t.co/lyyo5yE1EG

#data2botstalentpipeline #datatalent #dataengineer #dataprofessional #AWS #data2bots https://t.co/5lWaaR6daY",2,2023-04-11 14:04:54+00:00
77,data2bots,"As a student, you pay school fees with little to no expectations of getting a job. With the Data2Bots Talent Pipeline, WE upskill you and pay you at the same time. https://t.co/rLdwaT356W",2,2023-04-11 14:04:50+00:00
78,data2bots,"If you don't get a job before your student visa expires, then you would have to come back home. But as a Talent, once you have been satisfactorily upskilled, you will easily get a visa to travel abroad. https://t.co/XI5k5vyi3T",1,2023-04-11 14:04:48+00:00
79,data2bots,"Trying to adapt to living abroad while studying can be stressful to some students. As a Talent, you'll get upskilled 100% remotely while getting all the necessary support for relocation. https://t.co/C843pbcyca",1,2023-04-11 14:04:45+00:00
80,data2bots,"Do you know how hard it is to get a work visa as a student abroad? With the Talent Pipeline, you'll be moving abroad with a job offer once you complete your upskilling with zero visa hassles. https://t.co/Mdk2H9tBMc",1,2023-04-11 14:04:42+00:00
81,data2bots,"A Masters degree and the Data2Bots Talent Pipeline both require you to study. The difference? With the Data2Bots Talent Pipeline, you're working with industry experts who are showing you the ropes. https://t.co/nQsAfgxZZ0",1,2023-04-11 14:04:35+00:00
82,data2bots,"Are you considering going abroad for your Master's degree?

Before you decide, let's show you how you can benefit more from the Data2Bots Talent Pipeline.

Interested? Let's go!
A thread‚Ä¶ https://t.co/5e0OHBh91j",4,2023-04-11 14:04:32+00:00
83,data2bots,"Wishing you a Happy Easter..

#Eastersunday #happyeaster #data2bots https://t.co/47ThCGRqS2",4,2023-04-09 11:48:33+00:00
84,data2bots,"At Data2Bots, we create products like these that help businesses and provide them with the best solutions and results.

Need more details on how we can help your business? Send us a message today!

#githubcopilotx #data2bots #datasolutions #github",2,2023-04-05 14:22:34+00:00
85,data2bots,"@github just launched a newer version of its Copilot X initiative. 

Now developers can code, keep track of their work and offers a walkthrough for users that review different lines of code. https://t.co/wKI4lWidxa",3,2023-04-05 14:22:32+00:00
86,data2bots,"Seats are full and our students are ready to begin classes in Data2Bots Academy today!

If you would like to join cohort 2 of the Academy, sign up below for the waitlist and we'll keep you posted on our updates.

Sign up here https://t.co/78FvQTiUpG

#data2botsacademy #data2bots https://t.co/OE3U0s8jxZ",3,2023-04-03 14:34:51+00:00
87,data2bots,"""As we turn the page to a new month, let's reflect on our accomplishments and look forward to new opportunities‚Äù.

Happy new month!
.
.
#newmonth #aprilfools #happynewmonthapril https://t.co/S5l0tC4y6k",4,2023-04-01 10:10:18+00:00
88,data2bots,https://t.co/t62LZKk6eJ,2,2023-03-30 10:46:53+00:00
89,data2bots,"Classes will commence in few days! Have you enrolled?

Download the beginner module of the data engineering career path https://t.co/TbBOJi9Wuu

Register here https://t.co/OWNO1gGT8l and get 25% discount off 
.

#data2botsacademy #dataengineering #datatraininginlagos #internship https://t.co/9e3doCb4QW",4,2023-03-30 10:46:50+00:00
90,data2bots,"Watch how we show you the simple steps to register for the Data Engineering program on our website https://t.co/OWNO1gGT8l

Registration is closing soon! Don‚Äôt miss out on this opportunity!!
.
.
#datatraininginlagos #dataengineeringjobs #schoolofdata #data2botsacademy https://t.co/DsD2wo7mir",2,2023-03-29 10:19:54+00:00
91,data2bots,https://t.co/tnwc9Uw5kw,1,2023-03-28 11:35:02+00:00
92,data2bots,"Don‚Äôt miss out on the opportunity to join the first cohort of the Data2Bots academy. Classes are getting filled up! 

Internship opportunities are available for outstanding students and relocation options. 

Enrol here https://t.co/OWNO1gGT8l to get started.
.
.
#data2botsacademy https://t.co/F0OMOtXhHV",3,2023-03-28 11:34:58+00:00
93,data2bots,"Classes are getting filled up and we can only accept a few students at the moment based on  first-come, first-served basis. 

Hurry now and join the first cohort of the Data2Bots Academy here https://t.co/OWNO1gGT8l 
.
#dataengineeringinlagos #internshipopportunities https://t.co/f1AycN28n6",4,2023-03-27 10:56:07+00:00
94,data2bots,"We're thrilled to announce that Paul, one of our talented team members, has just passed his AWS Developer Associate exam! üåüüëè

Get started here  https://t.co/OWNO1gGT8l and begin your journey to becoming a Data Professional!
.

#awscertifieddeveloperassociate #dataengineering https://t.co/Duqp2GucpF",5,2023-03-24 09:34:55+00:00
95,data2bots,"Congratulations to all the action-takers who have registered for our academy program!  If you haven‚Äôt signed up yet, don't miss out on this life-changing opportunity! Register here https://t.co/OWNO1gGT8l 

#data2bots #internshipopportunities https://t.co/jUcXMFeVjX",3,2023-03-23 10:16:53+00:00
96,data2bots,"Don't miss out on this chance to level up your skills and advance your career. 

Register now https://t.co/OWNO1gGT8l and get 25% off the enrollment fee! Discount available for a limited time.

#careerindata #internshipopportunities #schoolofdata #dat2bots #dataengineering https://t.co/Imh5STWAKj",1,2023-03-22 09:50:25+00:00
97,data2bots,"We noticed that you've been asking a lot of questions about the Dat2Bots Academy, so we've decided to bring in our CEO for a Q&amp;A session just for you! 

Register here https://t.co/JGEpJkSwIV to get an invite link from us.

#schoolofdata #datatraininginlagos #dataengineering https://t.co/3bWghVaBGJ",1,2023-03-21 09:31:31+00:00
98,data2bots,"Don't miss out on your chance to level up your data skills! Act fast and register here https://t.co/OWNO1gGT8l to get 25% off the Data2Bots Academy. This offer won't last forever!
.
.
#schoolofdata #dataprofessionals #dataenthusiast #dataengineering #internshipopportunities https://t.co/ZEJh4WuUT3",3,2023-03-20 12:34:06+00:00
99,data2bots,"Unleash your career with Data2Bots Academy! 

With our comprehensive classes, you'll gain the skills and knowledge you need to become a top-notch data professional. 

Invest in yourself today. Register now https://t.co/OWNO1gGT8l and get 25% off. Limited spot available https://t.co/0VidR9VtuR",3,2023-03-17 10:08:03+00:00
100,data2bots,"Ready to level up your data skills? Registration for the data2bots academy is ongoing! Join us and learn from industry experts in a hands-on environment. Sign up today! bit./422KIyA

#data2bots #dataengineering #schoolofdata #careerindataengineering #internshipopportunities https://t.co/gy3Z6lienq",4,2023-03-15 10:53:32+00:00
101,data2bots,"@ChukwumaOzoeme3 @damiokeinfo Hello Chukwuma,

Yes, we do but not yet available for the first cohort. The training available is the Data Engineering career path.",0,2023-03-15 09:59:36+00:00
102,data2bots,"Join us at @data2bots Academy and begin your journey to becoming a data engineer. 3 outstanding candidates will have the opportunity to intern with us.

Click on the link https://t.co/DNvngb8O1e to learn more about the academy.
#internshipopportunities #dataengineering #data2bots https://t.co/nkuMQ0CFHW",2,2023-03-14 10:38:24+00:00
103,data2bots,"Join the Data2Bots Academy https://t.co/BrfO99Whqy to learn from his vast wealth of knowledge in data engineering, his simple yet effective teaching methods, and share his enthusiasm about coding and the endless possibilities it holds for transforming the world.

25% discount off https://t.co/YaLPNOYs7Y",1,2023-03-13 09:26:54+00:00
104,data2bots,"Happy International Women's Day to all the amazing women out there!

Today we celebrate the incredible women of Data2Bots who bring so much talent, passion, and dedication to everything they do.

#internationalwomensday2023 #WomenInSTEM #digit4all  #embraceequity2023 https://t.co/cOg8Zbtc7N",3,2023-03-08 08:36:55+00:00
105,data2bots,"Enrol into the academy using this link https://t.co/5wjgfDlCvg  and enjoy easy to learn tutorials, practical sessions and an engaging community of the next generation of cutting-edge data engineers.
.
.
.
#schoolofdataengineering #data2botsacademy #dataengineering #techcareers https://t.co/jIKFNmhu9H",2,2023-03-07 09:06:26+00:00
106,data2bots,"We hope that you‚Äôre prepared to start our comprehensive career paths. Internship opportunities are also available.

Click here  https://t.co/zc8S2N4sQj to enrol and get 35% off. This is only available for the next 48 hours. Hurry!
#launchday #schoolofengineering #dataengineering https://t.co/02JY0D4cFy",3,2023-03-06 10:25:30+00:00
107,data2bots,"We are so excited!!! In 3 days, the Data2Bots Academy will be live and active!

Get ready to learn from industry experts and take your tech skills to the next level. 

Register as an early bird here  https://t.co/rzBdIXt2PE  to register as an early bird.
#schoolofdataengineering https://t.co/sVhysgTZ1V",2,2023-03-03 09:30:21+00:00
108,data2bots,"It's 4 days to go!

We are so excited!! Get ready and prepare your loved ones too!!

If you still haven't registered for the early bird discount, you can still do that now before the deadline. Click here  https://t.co/rzBdIXt2PE  to register as an early bird. https://t.co/3ej6o8cTPG",4,2023-03-02 12:08:43+00:00
109,data2bots,"Are you readyyyy?

The Data2Bots Academy platform is about to launch! We hope you are as excited as we are. 

If you haven't registered for the 35% early bird discount, you can still do that now before the deadline. Click here https://t.co/rzBdIXt2PE to register as an early bird. https://t.co/c8pPfQ30su",2,2023-03-01 14:23:54+00:00
110,data2bots,"We wish you a month filled with new opportunities and exciting news.

Set a goal for this month and make sure you achieve it. We are rooting for you!
.
.
.
#March2023 #data2Botsacademy #dataengineering #analyticsengineering #clouddevops #pythonengineering #data2Bots https://t.co/230JuiZYp1",5,2023-03-01 08:52:37+00:00
111,data2bots,"To get started with our services, visits https://t.co/7NgrRQFCYB or send a mail to info@data2bots.com

#ai #siri #alexa #ChatGPT #conversationalai #bard #bing https://t.co/yM4KgyEaDn",0,2023-02-24 09:28:16+00:00
112,data2bots,"From chatbots to voice assistants, data is the driving force behind Conversation AI. Learn how we're using it to create more personalized and engaging customer experiences and transforming the way businesses connect with their audience. https://t.co/S5Mu0RDQyL",3,2023-02-24 09:28:13+00:00
113,data2bots,"You can achieve your goal of becoming a Data Engineer in 2023. Register with Data2Bots Academy here  https://t.co/rzBdIXt2PE for the Data Engineering track, and get 25% early bird discount.

Hurry now! It‚Äôs only available for a limited time.
.
.
#datengineering #schoolofdata https://t.co/WMwYmHNN3Z",5,2023-02-21 10:06:56+00:00
114,data2bots,"Here's a quick snippet of the thorough training you'll go through when you enrol into the Academy and become a certified Data Expert in 9 months.

The early bird discount will end soon, so register now https://t.co/rzBdIXt2PE and enjoy 35% off. https://t.co/zQhMhqDfj5",3,2023-02-16 10:11:29+00:00
115,data2bots,"Registration for the first cohort of the Data2Bots Academy is currently ongoing https://t.co/rzBdIXt2PE

Enjoy the 35% discount while the offer last.Make your career dreams come through with the Data2Bots Academy.

#dataengineering #DigitalTransformation  #DataScience #data2bots https://t.co/fbXFKLdf2w",5,2023-02-15 09:06:57+00:00
116,data2bots,"The best gift you can give someone you love this Valentine, is to enrol them for the Data2Bots Academy.

The early bird discount is still ongoing, so register using this link https://t.co/zW74BzKPdW

#schoolofdataengineering #datengineering #data2bots #dataacademy https://t.co/u2C82AljPo",2,2023-02-14 08:55:25+00:00
117,data2bots,#dataengineering #schoolofdataengineering #analyticsengineering #cloudengineering #data2bots #DataScience,0,2023-02-13 10:36:00+00:00
118,data2bots,"Enrol for the first cohort of the Data2Bots Academy and get 35% discount when you register as an early bird, and become a Data Engineer in 9 months!

Visit https://t.co/rzBdIXt2PE to register for the early bird discount today. Don't miss out on this amazing opportunity! https://t.co/A1IKR8xp6r",3,2023-02-13 10:35:59+00:00
119,data2bots,"In a press event on the 7th of February in Redmond, Washington, Microsoft finally announced its long-rumoured integration of OpenAI‚Äôs GPT-4 model into Bing in an effort to compete with Google. 

#ChatGPT #ai #openai #Microsoft 
#ArtificialIntelligence https://t.co/tYduC4AsqP",4,2023-02-09 09:44:32+00:00
120,data2bots,#dataprivacy #datainsights #ubereats #glovoapp #datasolutions #digitaltransformationstrategy,0,2023-02-06 09:50:00+00:00
121,data2bots,"Securing your business‚Äôs data against threats and vulnerabilities is an awesome way to get more control and better results.

At Data2Bots, we create data solutions, tools and strategies for businesses.  Providing them with the best results at all times. https://t.co/OUGWdr6nKr",0,2023-02-06 09:49:59+00:00
122,data2bots,"We can‚Äôt seem to agree less on @uber recent article on data privacy tips in honour of the data privacy week.

@lifeatglovo are set to take action for 2023 with the insight gotten from their data report for 2022 https://t.co/UOIL6E1dih",3,2023-02-06 09:49:57+00:00
123,data2bots,"If you qualify for any of this roles for the Talent pipeline programme, Apply through the link below:

PYTHON ENGINEERING 

https://t.co/rQEwo6CiEr

DATA ENGINEERING 

https://t.co/RbKEBKAlMP

Share with your 

#pythonengineering #DataEngineering #remotejob #hybridwork",1,2023-02-01 09:57:42+00:00
124,data2bots,"Israel Aminu is a pioneer of the Data2Bots Talent pipeline program. He shared in this video his journey to becoming a data consultant, and also how he got a job and migrated to the Netherlands in 2022

Watch the full video here https://t.co/9rrr6pS6SZ https://t.co/W9NoVrQADd",3,2023-02-01 09:57:40+00:00
125,data2bots,https://t.co/WPxCYNV8gc,0,2023-01-28 11:30:02+00:00
126,data2bots,"Today is Data Privacy Day! 
A great way to make sure your customers' information stays safe is by having a good data professional.

Data2Bots can help you keep your company's data secure. Send us a mail at info@data2bots.com

#DataPrivacyDay2023 #DataProtectionDay #DataSecurity https://t.co/MhnJ7qWIOY",1,2023-01-28 11:29:59+00:00
127,data2bots,"Big data is not out of reach for smaller companies. In fact, it is necessary to make hidden patterns, market trends, customer preferences, and other meaningful insights.

Visit https://t.co/7NgrRQGaO9 for more information on how to get started with our services.

#datasolutions",1,2023-01-27 09:28:40+00:00
128,data2bots,"Big companies like @amazon @Google @netflix @facebook @Microsoft are using big data to enhance operations, deliver better customer service, develop individualized marketing campaigns, and carry out other tasks that can ultimately boost sales and profits. https://t.co/ANxRRMLhFd",3,2023-01-27 09:28:38+00:00
129,data2bots,#datasolutions #dataengineering #DigitalTransformation https://t.co/TIymdWcnq0,0,2023-01-25 09:07:39+00:00
130,data2bots,"In every industry and for digital automation, data engineering is definitely important. The success of almost every company relies on data. 

We provide Data engineering services tailored  specifically to your needs and goal.

Kindly send a mail to info@data2bots to get started. https://t.co/IK1HsaahuX",2,2023-01-25 09:07:37+00:00
131,data2bots,"We are looking for Talents with the following profiles:

DATA ENGINEER
https://t.co/52ALblh8NS

PYTHON BACKEND DEVELOPER
https://t.co/GCTL0iaX00

CLOUD ENGINEER
https://t.co/UByDK1kSnO

For more information, please send a mail to talentpipeline@data2bots.com",3,2023-01-18 09:20:38+00:00
132,data2bots,"So the question is, Are you leveraging AI for your business in 2023 ?

#artificialintelligence #techstartups #techfounders #digitaltransformation #datasolutions https://t.co/7fMy9skt26",1,2023-01-13 09:23:12+00:00
133,data2bots,"For example, #ai was used by a Canadian startup @hellobluedot to predict the coronavirus pandemic long before it became widespread. Also, AlphaGo, an #ai built by @DeepMind Technologies, a subsidiary of @Google has won in the board game of GO several times. https://t.co/zeJO1aHSDv",3,2023-01-13 09:23:10+00:00
134,data2bots,"Businesses can use artificial intelligence (AI) to streamline their operations leading to decreased costs and increased revenue.

#ai is not restricted to businesses alone, It is now being used in different sectors. https://t.co/tkVDtg7IZ7",5,2023-01-13 09:23:07+00:00
135,data2bots,"The Talent Pipeline Program is for you if learning and upskilling in data is part of your career goal for 2023.

To apply for the Talent Pipeline Program, click the link  https://t.co/EPLyFe34Dj

For more information please send a mail to talentpipeline@data2bots.com

#datacamp https://t.co/T4EkndMbhz",4,2023-01-03 09:33:07+00:00
136,data2bots,"We wish you a prosperous and fufilling New Year!!!

#HappyNewYear2023 #goodbye2022 #HappyNewYear https://t.co/j0QimxLYhs",1,2023-01-01 07:03:24+00:00
137,data2bots,@yormee_ogabiege @Madam_PB Hello @yormee_ogabiege Thank you for showing interest to work at our company. Could you check our career page https://t.co/4CdY7xTm05 and apply for the role you fit into.,1,2022-12-30 02:08:34+00:00
138,data2bots,"Share the gift of love this season.
Happy Boxing Day!!!

#HappyBoxingDay #HappyHolidays2022 https://t.co/3fNTy1bKVw",2,2022-12-26 08:44:43+00:00
139,data2bots,"Sending you wishes for warmth, joy, and peace this holiday season.  Merry Christmas to you and yours!

#MerryChristmas #HappyHolidays2022 https://t.co/PK0FbpIr0x",2,2022-12-25 07:01:41+00:00
140,data2bots,"Machine and AI are used in various sector. At Data2Bots, we provide Machine Learning and AI services to reduce your business operational costs, increase efficiency, grow revenue and improve customer experience.

Visit https://t.co/7NgrRQGaO9 to get started with our services. https://t.co/xMMizB40Ar",1,2022-12-20 09:30:42+00:00
141,data2bots,"We are excited to share in the joy of  Adisa Akinsoji for successfully passing his AWS certification exam. From the entire team, we say congratulations !!! The sky is just the beginning.

#AWS #amazonwebservices https://t.co/1z62TtDORi",5,2022-12-14 11:56:21+00:00
142,data2bots,"..performance, remuneration after relocation which ranges from 3,500 Euros upwards per month, Company-sponsored training and certification budget.

If you think you are right or know someone that is fit for the role, Apply using this link: https://t.co/sDrVYwGFZf

#remotework",0,2022-12-13 09:25:58+00:00
143,data2bots,"We are looking for a Data Engineer to join our data team. The data engineer will build data pipelines, and create fit-for-purpose datasets. 

Some of the benefits you get if you are our ideal candidate is relocation opportunity to Europe within three months of satisfactory‚Ä¶(1) https://t.co/7utICbGb0p",1,2022-12-13 09:25:57+00:00
144,data2bots,"We are available to provide all Data solution services for your organization. Kindly send a mail to info@data2bots.com or visit our website www. https://t.co/WqvA6gFcrf and one of our data professionals will reach out.

#DigitalTransformation #cloudcomputing #aws #dataconsulting https://t.co/JioiO4Kkxz",0,2022-12-12 09:59:07+00:00
145,data2bots,"Deming quote shows that we can only trust God, but we will not simply believe you unless you present data (information or statistics) to prove your point.

For more information about how to get started with our services, visit https://t.co/7NgrRQo1A1

#dataconsulting #data2bots https://t.co/v7dZY3cpIa",5,2022-12-07 09:21:27+00:00
146,data2bots,"Data2Bots Academy, a program focused on training Data Professionals is currently in search of Technical Training Assistant (Remote) to provide support to the Technical Trainers in the area of Data Engineering and other similar data fields.

Apply here, https://t.co/buh1o0lObu https://t.co/N4z4bSdnpf",1,2022-12-02 15:15:41+00:00
147,data2bots,"Data2Bots, an IT Consulting Company is currently in search of a Digital Marketer who will be responsible for driving the company‚Äôs brand awareness and lead generation through digital channels.

Apply here, https://t.co/MJthbZaRIz

#remotejobs #JobVacancy #WorkFromHome #data2bots https://t.co/Hs9BFjuLDE",2,2022-12-02 15:10:05+00:00
148,data2bots,"From all of us at Data2Bots, We want to wish you a Happy new month!

For more enquiries, kindly send a mail to info@data2bots.com

#newmonth #databasemanagement #CloudComputing #DevFest2022 #DigitalTransformation #dataengineering #extendedservices https://t.co/NG0b27hoTa",1,2022-12-01 08:26:06+00:00
149,data2bots,"We are looking for a NextJs Frontend Developer to join our team. The Frontend developer will collaborate with our team of engineers in developing and implementing user interface components and workflows. 

Apply using this link: https://t.co/u3ZrgenEzG

@hannytalker https://t.co/Eai2DIyTq2",1,2022-11-30 10:05:55+00:00
150,data2bots,"I bet you didn't know. Sophia is also a framework for cutting-edge robotics and AI research.

We offer a wide range of data-driven services, including ML and AI.
For more information, visit https://t.co/7NgrRQGaO9 

#dataengineering #DevFestLagos #cloudengineering
#data2bots https://t.co/fA810syAgO",3,2022-11-29 10:59:59+00:00
151,data2bots,"We are excited when our clients send feedback after using our service.

Are you considering data-driven services for your organization, Data2Bots should be your first option.

Visit https://t.co/7NgrRQo1A1 to get started.

#dataconsulting #analyticsengineering #DevFest2022 https://t.co/PaHqiVaNR0",1,2022-11-25 11:55:06+00:00
152,data2bots,"At Data2bots, we turn business processes into intelligent autonomous operations by delivering machine learning and AI services, from the cloud to the edge.

To get started with our services, send a mail info@data2bots.com

#dataconsulting #DevFest2022 #DigitalTransformation #AI https://t.co/UXFbysWBqD",3,2022-11-22 09:52:24+00:00
153,data2bots,"While cloud computing has made significant progress in the previous years to becoming a standard business tool, there have been a lot of misconceptions about  Cloud computing. Here,we have 5 myths about clouds.

Add yours in the comment section.

#dataconsulting #startups https://t.co/4fnXF6P0B5",3,2022-11-17 09:58:37+00:00
154,data2bots,"Collecting data about your customers will help you improve nearly every aspect of your business, regardless of the industry you work in, the demographics of your target market, or the goods/services you provide.

#dataconsulting #startups #DigitalTransformation #Data2Bots https://t.co/Y8NOhlshVy",3,2022-11-15 09:56:50+00:00
155,data2bots,https://t.co/S3d3fjfA26,2,2022-11-13 16:15:22+00:00
156,data2bots,https://t.co/T6CAJIN4yx,2,2022-11-13 16:15:19+00:00
157,data2bots,"As technologies are changing over time and advancing, you need to be able to switch between platforms and applications as your organization expands and your demands change.

#dataconsulting #dataengineering #dataacademy #ITconsulting https://t.co/fZ1ZSJp38A",5,2022-11-07 10:03:30+00:00
158,data2bots,https://t.co/u0QGlLAVLD,4,2022-11-03 09:38:41+00:00
159,data2bots,"At Data2Bots, we use ETL to enhance data quality by transforming data from various databases, applications and systems in order to meet internal and external compliance standards.

For more information, visit https://t.co/7NgrRQo1A1

#dataconsulting #dataengineering #Itconsulting https://t.co/l59E84v6Ur",4,2022-11-03 09:38:38+00:00
160,data2bots,"Are you looking for an IT consulting firm to provide your company with all of its data solutions? Data2Bots is the best option for you.

For more information, visit our website at https://t.co/7NgrRQFCYB or email info@data2bots.com

#dataconsulting  #databusiness #BusinessOwners https://t.co/VjBNMM5LrV",5,2022-11-01 11:14:01+00:00
161,data2bots,"At Data2Bots, our team of experienced experts can work with your in-house team to deliver on your project or organization needs regarding data automation, Cloud migration and Machine Learning Operations at the shortest possible time.

Send an email to info@data2bots.com https://t.co/v97X6wZlOe",4,2022-10-27 10:01:24+00:00
162,data2bots,"We are looking for a Data Engineer to join our data team. The data engineer will work in a team with other Data Engineers to build ETL/ELT data pipelines and create fit-for-purpose datasets.

If you think you‚Äôre right for this role,

Apply using this link: https://t.co/u3ZrgeFfYg https://t.co/4t6oe91yZ9",1,2022-09-09 12:17:41+00:00
163,data2bots,"That's hooge right! I know.

One of the ways @netflix was able to achieve this was the ability to analyze and interpret data generated on the platform to make informed decisions.  

To learn more, visit  https://t.co/7NgrRQFCYB or Contact us on info@data2bots.com

#data2bots https://t.co/i9nCMyOE6s",2,2022-09-09 11:32:14+00:00
164,data2bots,"At Data2bots, we help you make sense of your data by analyzing and leveraging the right quality data at the right time to assess, predict and prescribe decisions to enhance productivity.

Learn more by visiting https://t.co/qRyNAmTKTj

Contact us: info@data2bots.com

#data2bots https://t.co/aupocg37ye",2,2022-09-05 10:27:31+00:00
165,data2bots,"Without data you're just another person with an opinion.

Have a lovely week ahead ü§ó 

#data2bots #businessgrowth #dataanalyst #businessintelligence https://t.co/aj10yb9bPa",4,2022-08-29 10:13:47+00:00
166,data2bots,"Data mining may miss important relationships because it requires human input.

However, because machine learning is an automated process, it delivers findings that are more accurate than data mining, which result in enhanced performance.

share your insights in the comment https://t.co/81dlTxf4rW",2,2022-08-18 10:47:02+00:00
167,data2bots,https://t.co/H3ovPdeBJI,0,2022-08-16 10:30:10+00:00
168,data2bots,"1. &lt;Lo-fi/&gt; https://t.co/WbXuhxBA1y

2. &lt;Coders Music/&gt; https://t.co/AJxEvPNKpT

3. &lt;Brain Food/&gt; https://t.co/hV0uFssl0X

4. &lt;Peaceful Piano/&gt; https://t.co/uKpg82AOh2

5. &lt;Ambient Relaxation/&gt; https://t.co/ZuVhOuBHPX

For more insightful contents, visit https://t.co/7NgrRQFCYB https://t.co/EOtTKLqxBg",0,2022-08-16 10:29:42+00:00
169,data2bots,https://t.co/11mlgyTZNH,0,2022-08-11 10:30:25+00:00
170,data2bots,"Organizations must make wise, data-driven decisions if they want to survive in a data-driven economy.

At Data2Bots, we build data solutions that help your organization reduce costs and increase profits. 

Visit https://t.co/qRyNAmTKTj to get started today. 

#data2bots https://t.co/fnosDd7ZwW",0,2022-08-11 10:30:00+00:00
171,data2bots,"During the past year, the Data talent acquisition programme has been offered via our internship opportunities. These are comments received from several of the interns who benefited.

Visit https://t.co/76KV85sfK7 to get started. Hurry, Slots are limited!!!

#data2botsacademy https://t.co/OY4jcS2lrZ",0,2022-08-08 10:57:05+00:00
172,data2bots,https://t.co/HkowrTFyY3,0,2022-08-02 10:51:17+00:00
173,data2bots,"1. SQL.

2. Statistical Programming (R or Python).

3. Machine Learning.

4. Probability and Statistics.

5. Data Management.

Learn more about data and analysis engineering with Data2bots Academy

Learn more: https://t.co/ibMZ2bqxgx

#data2botsacademy https://t.co/bDMKcLg3as",0,2022-08-02 10:50:57+00:00
174,data2bots,"1. Understand the ways in which the organization uses data.

2. Bring empathy and adaptability to the interpretation of data.

3. Align individual strategies with corporate objectives.

Learn more by visiting https://t.co/qRyNAmTKTj

Contact us: info@data2bots.com 

#data2bots https://t.co/0beOcG3YrG",1,2022-07-28 11:10:07+00:00
175,data2bots,"Maximise your analysis strategy, execute on projects more efficiently &amp; get updated on the latest trends and news in the data sphere.

Visit https://t.co/LaXhjVsmA3 to subscribe to our newsletter today as we spice up your mailbox with useful data tips and information.

#data2bots https://t.co/Trnfp0YQE0",2,2022-07-21 09:07:21+00:00
176,data2bots,"This Infamous quote by the renowned bigwig of data solutions best demonstrates the relationship between successful modern businesses and the use of data analysis.

#data2bots #dataquotes #dataanalysis #businessgrowth #businessintelligence #datasolutions https://t.co/QfPqr7PLWZ",3,2022-07-18 10:27:10+00:00
177,data2bots,"Effective tactics for data intentionality success, include;

¬∞ Defining Clear Organizational Goals.

¬∞ Identifying The Required Data.

¬∞ Implenting The Right Data Collection Solutions.

¬∞ Taking Action.

Contact: info@data2bots.com
Learn more: https://t.co/7NgrRQFCYB

#data2bots https://t.co/BQlZDTnzMh",2,2022-07-13 12:57:16+00:00
178,data2bots,"Happy Eid el kabir to our Muslim brothers and sisters. 

Celebrating with you, the joy and warmth of  Eid. 

#eidmubarak #eid https://t.co/vToTYr7MiR",3,2022-07-11 12:21:25+00:00
179,data2bots,"Who doesn't like free impactful resources? I know, I do! 

That's why we're giving away this ebook on in-depth steps &amp; guides to help you on your journey to becoming that globally sought-after data professional.

Visit the link in Bio to download free e-book

#data2botsacademy https://t.co/1ASx5bJJ9S",3,2022-07-06 11:43:49+00:00
180,data2bots,"* The industry offers the most competitive salaries in Europe. 

* No need for a four-years degree. 

* Exponential Career Growth. 

* High potential income.

Start today by visiting https://t.co/LTr5uCwwER to register for Data2Bots Academy's data talent migration program. https://t.co/fOYlNTpdVA",4,2022-07-05 12:26:46+00:00
181,data2bots,"Let's delve more into one of the most frequently asked questions in regards to the 9-month data talent acquisition training. 

QUESTION: What resources will be available for the job placement process? 

Visit https://t.co/vrYU1OWLky to get all the necessary answers. 

#data2bots https://t.co/mvbkWdgYRr",2,2022-07-01 10:39:50+00:00
182,data2bots,"Sometime in May, our digital marketing team assembled &amp; brainstormed on efficient strategies on how to further provide our clients with best value for money's worth in terms of reducing cost &amp; Increasing profits with efficient data solutions.

Learn more: https://t.co/qRyNAmTKTj https://t.co/2px8nTxDn3",3,2022-06-29 09:51:46+00:00
183,data2bots,"Digital tools and technologies are helping businesses reformulate, and repackage to support sustainability. But of course, IT needs to support those efforts.

There‚Äôs mounting pressure on organizations to take sustainability... 

Learn more, by visiting https://t.co/7NgrRQFCYB https://t.co/8GRNODKQ8m",1,2022-06-22 09:46:22+00:00
184,data2bots,"Data Engineer today, Cloud DevOps tomorrow, Business Analyst the next üôÇ. 

Stop being a Jack of all trades.

We know that choosing a data career path can be sometimes daunting, but we have made it easy with 10 tips from our e-book.

Download e-book: https://t.co/9Y5gAKfr6y https://t.co/DapmRrxjLm",4,2022-06-20 09:39:34+00:00
185,data2bots,"Not all heroes wear capes, some become https://t.co/NvwyCvfEPL all the amazing father's out there, Happy father's day.

- @data2bots

#data2bots #fathersday2022 #fathersday #fatherhood #fathersintech https://t.co/VbCrWCYDJm",3,2022-06-19 13:05:35+00:00
186,data2bots,"Father's Day is a celebration of paternity, paternal connections, and the role of fathers in the society. We @data2bots wish every father, a happy father's day.

#data2bots #fathersday2022 #fathersday #fatherhood #fathersintech https://t.co/Shgt3hLHgF",5,2022-06-19 08:27:25+00:00
187,data2bots,"When you analyze data, it becomes evident who your audience is and how your firm operates. Regain your data savvy by;

1. Analyzing the right things. 

2. Measuring what matters. 

3. Keeping it simple. 

Visit https://t.co/7NgrRQFCYB to learn more. 

#data2bots #dataexperts https://t.co/baaiMnSka6",2,2022-06-15 10:57:36+00:00
188,data2bots,"We @data2bots wish you a Happy Democracy Day.

God bless Nigeria as we remain patriotic üá≥üá¨

 #nigeria #democracyday #data2bots #data2botsacademy #dataupskillprogramnigeria https://t.co/L2DBNbZjCI",3,2022-06-13 09:52:22+00:00
189,data2bots,"We are passionate about making you into a Data &amp; Analytics Guru while we help fulfil your dreams all the way!

Get trained to be a globally sought-after data professional, with our upcoming 9-months data talent training. 

Visit https://t.co/zc8S2N4sQj to register now. https://t.co/bX4pXX6eza",2,2022-06-10 11:33:11+00:00
190,data2bots,"By increasing its video length to 10 minutes from its original 15-second limit.

This one move helped @TiktokNigeria pull in more content, views, and revenue.

Learn to analyze data that help companies make informed decisions to propel growth?. Visit https://t.co/Udjqh1xPJu https://t.co/L6gqonfK8v",5,2022-06-07 11:30:40+00:00
191,data2bots,https://t.co/JWs4DSsl9I,3,2022-06-02 11:37:22+00:00
192,data2bots,"As we approach the commmencement of our data talent acquisition program - Data2Bots Academy. We've compiled a list of five strategies to assist you improve your learning efficiency and achieve success.

To learn more about Data2Bots Academy, visit https://t.co/zc8S2N4sQj https://t.co/Ymcpp0Cr8b",3,2022-06-02 11:37:16+00:00
193,data2bots,"Communication is a major soft skill required to be a  data professional.

When you enroll at the Data2Bots Academy, you will not only learn the hard skills but also soft skills needed to be that sought after data professional.

Learn more here:  https://t.co/5wjgfDlCvg https://t.co/GrSSS5n5TF",3,2022-05-27 09:18:41+00:00
194,data2bots,"Join our beginner-friendly data acquisition program. 

You will not only get trained in 9 months. Get Certified, job placements and relocation support to Europe, after successful completion of the program.

Learn more here: : https://t.co/5wjgfDDdmO https://t.co/mzgH54SaUn",2,2022-05-23 11:43:20+00:00
195,data2bots,"Wondering what you need to get started as a data professional?

We‚Äôve put together FREE 10 easy to follow tips on the journey to get started in your chosen data career.

Read through here: https://t.co/5wjgfDlCvg

#data2bots #data2botsacademy #dataupskillprogramnigeria https://t.co/sqo1StdGot",3,2022-05-19 11:17:11+00:00
196,data2bots,"#careers #jobs #opportunity https://t.co/PHdfeHgJzc 

Do you want to further explore your career and get relocated to Europe in the next 60 days? 

Apply now!",5,2022-05-17 08:04:20+00:00
197,data2bots,"#careers #jobs #opportunity https://t.co/0Xi71ubfiH 

Do you want to further explore your career and get relocated to Europe in the next 60 days? 

Apply now!",2,2022-05-17 08:02:58+00:00
